img_path,xmin,ymin,xmax,ymax,width,height,label
train_images/0.jpg,96,58,127,177,200,200,0
train_images/1.jpg,29,92,120,109,200,200,0
train_images/2.jpg,106,36,162,159,200,200,0
train_images/3.jpg,100,21,190,31,200,200,0
train_images/4.jpg,18,144,169,168,200,200,filled
train_images/5.jpg,60,15,158,72,200,200,filled
train_images/6.jpg,9,12,40,180,200,200,0
train_images/7.jpg,140,115,152,149,200,200,0
train_images/8.jpg,129,106,157,176,200,200,0
train_images/9.jpg,147,65,183,108,200,200,filled
train_images/10.jpg,66,141,200,180,200,200,0
train_images/11.jpg,0,43,125,118,200,200,0
train_images/12.jpg,107,24,200,140,200,200,0
train_images/13.jpg,67,104,135,192,200,200,filled
train_images/14.jpg,135,73,187,200,200,200,filled
train_images/15.jpg,39,127,130,193,200,200,0
train_images/16.jpg,28,7,90,35,200,200,filled
train_images/17.jpg,31,140,133,187,200,200,filled
train_images/18.jpg,16,37,42,179,200,200,filled
train_images/19.jpg,31,0,107,120,200,200,0
train_images/20.jpg,120,5,190,111,200,200,filled
train_images/21.jpg,16,22,98,170,200,200,filled
train_images/22.jpg,46,128,122,186,200,200,0
train_images/23.jpg,3,11,58,68,200,200,filled
train_images/24.jpg,46,122,189,146,200,200,filled
train_images/25.jpg,120,131,164,200,200,200,0
train_images/26.jpg,92,21,200,60,200,200,0
train_images/27.jpg,99,111,118,157,200,200,0
train_images/28.jpg,10,30,29,119,200,200,0
train_images/29.jpg,52,65,147,153,200,200,filled
train_images/30.jpg,97,114,115,183,200,200,0
train_images/31.jpg,54,66,200,150,200,200,filled
train_images/32.jpg,16,1,150,41,200,200,filled
train_images/33.jpg,125,148,162,177,200,200,filled
train_images/34.jpg,7,131,109,146,200,200,0
train_images/35.jpg,123,42,175,172,200,200,0
train_images/36.jpg,52,92,151,199,200,200,filled
train_images/37.jpg,59,56,121,78,200,200,0
train_images/38.jpg,135,132,182,200,200,200,filled
train_images/39.jpg,67,143,105,190,200,200,filled
train_images/40.jpg,139,89,149,106,200,200,0
train_images/41.jpg,129,37,155,88,200,200,0
train_images/42.jpg,112,34,196,143,200,200,filled
train_images/43.jpg,97,53,200,111,200,200,filled
train_images/44.jpg,19,128,141,186,200,200,filled
train_images/45.jpg,47,119,127,181,200,200,filled
train_images/46.jpg,20,75,42,190,200,200,filled
train_images/47.jpg,27,18,51,98,200,200,filled
train_images/48.jpg,65,1,112,110,200,200,0
train_images/49.jpg,42,72,124,172,200,200,filled
train_images/50.jpg,124,45,162,57,200,200,0
train_images/51.jpg,134,88,168,107,200,200,0
train_images/52.jpg,144,36,183,103,200,200,0
train_images/53.jpg,137,68,200,97,200,200,filled
train_images/54.jpg,49,64,186,145,200,200,filled
train_images/55.jpg,133,38,196,142,200,200,filled
train_images/56.jpg,93,37,127,146,200,200,filled
train_images/57.jpg,46,114,81,187,200,200,filled
train_images/58.jpg,68,106,141,179,200,200,0
train_images/59.jpg,71,74,130,192,200,200,filled
train_images/60.jpg,122,98,157,157,200,200,filled
train_images/61.jpg,26,23,136,33,200,200,0
train_images/62.jpg,150,88,169,160,200,200,0
train_images/63.jpg,73,62,175,165,200,200,filled
train_images/64.jpg,16,112,137,200,200,200,0
train_images/65.jpg,146,126,167,139,200,200,0
train_images/66.jpg,34,13,87,88,200,200,filled
train_images/67.jpg,113,79,188,151,200,200,0
train_images/68.jpg,54,68,200,129,200,200,0
train_images/69.jpg,99,11,199,120,200,200,0
train_images/70.jpg,29,1,163,26,200,200,filled
train_images/71.jpg,123,128,191,173,200,200,filled
train_images/72.jpg,61,37,162,145,200,200,filled
train_images/73.jpg,48,64,200,196,200,200,filled
train_images/74.jpg,23,149,199,194,200,200,filled
train_images/75.jpg,99,73,170,104,200,200,0
train_images/76.jpg,148,0,200,200,200,200,filled
train_images/77.jpg,123,106,176,142,200,200,filled
train_images/78.jpg,147,58,200,177,200,200,filled
train_images/79.jpg,3,3,18,34,200,200,0
train_images/80.jpg,46,101,142,152,200,200,filled
train_images/81.jpg,70,13,189,88,200,200,filled
train_images/82.jpg,117,77,167,148,200,200,filled
train_images/83.jpg,148,91,191,199,200,200,filled
train_images/84.jpg,98,70,139,192,200,200,0
train_images/85.jpg,91,40,150,167,200,200,0
train_images/86.jpg,80,93,90,146,200,200,0
train_images/87.jpg,4,145,141,200,200,200,filled
train_images/88.jpg,140,103,164,156,200,200,0
train_images/89.jpg,95,47,162,125,200,200,0
train_images/90.jpg,129,80,197,94,200,200,0
train_images/91.jpg,0,12,82,150,200,200,filled
train_images/92.jpg,139,14,168,32,200,200,0
train_images/93.jpg,116,12,199,64,200,200,filled
train_images/94.jpg,66,147,171,189,200,200,filled
train_images/95.jpg,44,148,133,189,200,200,filled
train_images/96.jpg,71,52,96,173,200,200,0
train_images/97.jpg,6,144,101,183,200,200,filled
train_images/98.jpg,0,110,93,133,200,200,filled
train_images/99.jpg,134,45,170,131,200,200,0
train_images/100.jpg,90,132,196,181,200,200,filled
train_images/101.jpg,12,118,71,146,200,200,filled
train_images/102.jpg,48,101,195,115,200,200,0
train_images/103.jpg,115,0,162,115,200,200,0
train_images/104.jpg,142,57,155,129,200,200,0
train_images/105.jpg,6,32,16,51,200,200,0
train_images/106.jpg,64,21,197,122,200,200,0
train_images/107.jpg,129,1,197,170,200,200,filled
train_images/108.jpg,13,16,79,103,200,200,0
train_images/109.jpg,119,56,145,186,200,200,0
train_images/110.jpg,95,130,180,176,200,200,filled
train_images/111.jpg,100,72,169,89,200,200,0
train_images/112.jpg,96,66,126,177,200,200,filled
train_images/113.jpg,77,110,194,148,200,200,0
train_images/114.jpg,41,11,85,26,200,200,0
train_images/115.jpg,42,45,143,98,200,200,filled
train_images/116.jpg,96,139,137,154,200,200,0
train_images/117.jpg,22,116,144,146,200,200,filled
train_images/118.jpg,83,68,182,85,200,200,0
train_images/119.jpg,57,0,75,173,200,200,0
train_images/120.jpg,58,115,182,171,200,200,0
train_images/121.jpg,94,141,126,175,200,200,0
train_images/122.jpg,50,99,170,153,200,200,0
train_images/123.jpg,46,48,177,59,200,200,0
train_images/124.jpg,119,105,160,180,200,200,0
train_images/125.jpg,115,23,200,81,200,200,0
train_images/126.jpg,83,35,140,63,200,200,filled
train_images/127.jpg,8,97,135,186,200,200,0
train_images/128.jpg,141,68,189,187,200,200,0
train_images/129.jpg,87,9,100,126,200,200,0
train_images/130.jpg,83,112,178,200,200,200,filled
train_images/131.jpg,143,86,192,130,200,200,filled
train_images/132.jpg,55,13,116,175,200,200,filled
train_images/133.jpg,51,111,120,196,200,200,filled
train_images/134.jpg,55,81,174,104,200,200,filled
train_images/135.jpg,72,46,146,69,200,200,0
train_images/136.jpg,63,125,169,196,200,200,filled
train_images/137.jpg,136,48,193,155,200,200,0
train_images/138.jpg,4,72,83,102,200,200,filled
train_images/139.jpg,78,46,103,200,200,200,filled
train_images/140.jpg,31,16,141,178,200,200,filled
train_images/141.jpg,103,47,170,106,200,200,filled
train_images/142.jpg,12,111,147,143,200,200,filled
train_images/143.jpg,109,81,132,114,200,200,filled
train_images/144.jpg,119,97,200,139,200,200,filled
train_images/145.jpg,92,25,189,60,200,200,filled
train_images/146.jpg,34,12,122,45,200,200,0
train_images/147.jpg,90,81,194,123,200,200,filled
train_images/148.jpg,25,137,200,197,200,200,filled
train_images/149.jpg,31,38,158,84,200,200,filled
train_images/150.jpg,99,114,199,139,200,200,filled
train_images/151.jpg,24,20,136,59,200,200,filled
train_images/152.jpg,0,97,45,142,200,200,0
train_images/153.jpg,123,31,148,41,200,200,0
train_images/154.jpg,49,123,120,161,200,200,filled
train_images/155.jpg,43,82,76,123,200,200,filled
train_images/156.jpg,38,150,113,198,200,200,filled
train_images/157.jpg,9,24,147,44,200,200,0
train_images/158.jpg,108,36,194,131,200,200,filled
train_images/159.jpg,8,135,143,191,200,200,0
train_images/160.jpg,94,0,200,11,200,200,0
train_images/161.jpg,79,60,138,121,200,200,filled
train_images/162.jpg,59,28,86,159,200,200,filled
train_images/163.jpg,130,135,151,193,200,200,0
train_images/164.jpg,76,0,93,108,200,200,0
train_images/165.jpg,140,146,188,200,200,200,filled
train_images/166.jpg,128,132,171,155,200,200,filled
train_images/167.jpg,128,9,187,149,200,200,filled
train_images/168.jpg,89,89,139,108,200,200,0
train_images/169.jpg,89,88,163,163,200,200,filled
train_images/170.jpg,109,115,149,153,200,200,filled
train_images/171.jpg,26,43,54,57,200,200,0
train_images/172.jpg,72,104,192,190,200,200,filled
train_images/173.jpg,0,30,132,112,200,200,filled
train_images/174.jpg,14,61,150,108,200,200,filled
train_images/175.jpg,61,148,100,194,200,200,0
train_images/176.jpg,143,17,187,151,200,200,filled
train_images/177.jpg,101,47,179,199,200,200,filled
train_images/178.jpg,90,55,195,180,200,200,filled
train_images/179.jpg,43,64,97,136,200,200,0
train_images/180.jpg,0,150,131,176,200,200,filled
train_images/181.jpg,78,82,174,124,200,200,filled
train_images/182.jpg,145,17,192,40,200,200,filled
train_images/183.jpg,122,122,164,155,200,200,filled
train_images/184.jpg,42,80,152,197,200,200,0
train_images/185.jpg,95,86,169,152,200,200,0
train_images/186.jpg,3,56,111,195,200,200,0
train_images/187.jpg,49,34,121,200,200,200,filled
train_images/188.jpg,145,59,195,111,200,200,0
train_images/189.jpg,55,58,137,165,200,200,0
train_images/190.jpg,89,135,112,171,200,200,0
train_images/191.jpg,137,105,178,200,200,200,0
train_images/192.jpg,71,128,122,178,200,200,filled
train_images/193.jpg,69,84,132,97,200,200,0
train_images/194.jpg,99,146,122,172,200,200,filled
train_images/195.jpg,112,80,198,129,200,200,0
train_images/196.jpg,4,133,103,178,200,200,0
train_images/197.jpg,105,42,191,125,200,200,0
train_images/198.jpg,25,61,187,135,200,200,0
train_images/199.jpg,119,86,160,116,200,200,filled
train_images/200.jpg,143,76,163,181,200,200,0
train_images/201.jpg,65,66,140,177,200,200,filled
train_images/202.jpg,122,101,192,200,200,200,0
train_images/203.jpg,149,113,189,189,200,200,filled
train_images/204.jpg,71,141,112,186,200,200,filled
train_images/205.jpg,50,71,193,181,200,200,0
train_images/206.jpg,97,23,200,150,200,200,filled
train_images/207.jpg,50,116,200,140,200,200,0
train_images/208.jpg,14,136,147,195,200,200,0
train_images/209.jpg,45,32,60,132,200,200,0
train_images/210.jpg,11,98,63,120,200,200,0
train_images/211.jpg,84,47,134,72,200,200,filled
train_images/212.jpg,85,71,147,197,200,200,filled
train_images/213.jpg,126,102,158,169,200,200,0
train_images/214.jpg,0,56,172,158,200,200,0
train_images/215.jpg,86,97,108,118,200,200,0
train_images/216.jpg,55,135,133,170,200,200,0
train_images/217.jpg,55,115,96,130,200,200,0
train_images/218.jpg,2,56,41,108,200,200,0
train_images/219.jpg,35,124,155,142,200,200,0
train_images/220.jpg,119,107,154,148,200,200,filled
train_images/221.jpg,3,70,169,114,200,200,0
train_images/222.jpg,133,100,180,173,200,200,0
train_images/223.jpg,136,116,200,200,200,200,filled
train_images/224.jpg,117,70,155,141,200,200,filled
train_images/225.jpg,75,13,176,70,200,200,filled
train_images/226.jpg,33,107,167,156,200,200,filled
train_images/227.jpg,102,117,137,180,200,200,filled
train_images/228.jpg,115,91,162,171,200,200,filled
train_images/229.jpg,145,124,162,200,200,200,0
train_images/230.jpg,135,67,155,131,200,200,0
train_images/231.jpg,25,84,117,181,200,200,filled
train_images/232.jpg,131,32,154,169,200,200,0
train_images/233.jpg,1,1,136,139,200,200,filled
train_images/234.jpg,101,117,117,177,200,200,0
train_images/235.jpg,120,64,166,153,200,200,0
train_images/236.jpg,127,135,156,189,200,200,filled
train_images/237.jpg,106,6,170,28,200,200,0
train_images/238.jpg,127,101,200,199,200,200,filled
train_images/239.jpg,124,82,180,142,200,200,filled
train_images/240.jpg,82,62,162,186,200,200,0
train_images/241.jpg,20,30,41,159,200,200,filled
train_images/242.jpg,30,78,104,93,200,200,0
train_images/243.jpg,120,52,133,107,200,200,0
train_images/244.jpg,0,100,78,180,200,200,filled
train_images/245.jpg,20,56,89,122,200,200,filled
train_images/246.jpg,145,37,160,197,200,200,0
train_images/247.jpg,12,75,70,170,200,200,filled
train_images/248.jpg,45,121,198,157,200,200,0
train_images/249.jpg,68,115,150,155,200,200,filled
train_images/250.jpg,0,13,175,55,200,200,0
train_images/251.jpg,134,114,175,138,200,200,filled
train_images/252.jpg,142,141,187,200,200,200,filled
train_images/253.jpg,59,102,169,112,200,200,0
train_images/254.jpg,109,146,182,163,200,200,0
train_images/255.jpg,11,28,193,185,200,200,filled
train_images/256.jpg,83,11,149,119,200,200,filled
train_images/257.jpg,76,77,200,124,200,200,0
train_images/258.jpg,90,127,110,161,200,200,0
train_images/259.jpg,118,38,180,53,200,200,0
train_images/260.jpg,119,0,194,132,200,200,filled
train_images/261.jpg,90,104,109,125,200,200,0
train_images/262.jpg,9,45,193,109,200,200,0
train_images/263.jpg,0,45,40,177,200,200,0
train_images/264.jpg,17,84,101,169,200,200,0
train_images/265.jpg,116,109,167,158,200,200,filled
train_images/266.jpg,111,38,165,200,200,200,filled
train_images/267.jpg,14,40,175,114,200,200,0
train_images/268.jpg,114,24,151,195,200,200,0
train_images/269.jpg,32,127,62,170,200,200,filled
train_images/270.jpg,52,0,176,21,200,200,0
train_images/271.jpg,4,150,99,165,200,200,0
train_images/272.jpg,72,131,180,146,200,200,0
train_images/273.jpg,94,78,197,182,200,200,filled
train_images/274.jpg,21,56,200,189,200,200,filled
train_images/275.jpg,27,11,183,179,200,200,filled
train_images/276.jpg,97,89,110,178,200,200,0
train_images/277.jpg,113,85,152,117,200,200,0
train_images/278.jpg,40,66,191,121,200,200,0
train_images/279.jpg,33,43,168,77,200,200,filled
train_images/280.jpg,75,55,105,98,200,200,0
train_images/281.jpg,44,83,74,120,200,200,filled
train_images/282.jpg,114,85,142,117,200,200,0
train_images/283.jpg,126,4,196,42,200,200,0
train_images/284.jpg,22,35,171,170,200,200,filled
train_images/285.jpg,105,0,128,39,200,200,filled
train_images/286.jpg,137,68,181,112,200,200,filled
train_images/287.jpg,21,136,119,164,200,200,0
train_images/288.jpg,70,136,189,200,200,200,0
train_images/289.jpg,102,26,151,46,200,200,0
train_images/290.jpg,115,43,132,136,200,200,0
train_images/291.jpg,123,41,150,158,200,200,filled
train_images/292.jpg,89,72,136,114,200,200,0
train_images/293.jpg,8,77,57,113,200,200,filled
train_images/294.jpg,26,76,196,200,200,200,filled
train_images/295.jpg,38,143,117,159,200,200,0
train_images/296.jpg,125,81,162,197,200,200,filled
train_images/297.jpg,101,129,189,178,200,200,filled
train_images/298.jpg,3,82,29,200,200,200,filled
train_images/299.jpg,8,89,193,150,200,200,filled
train_images/300.jpg,118,132,163,172,200,200,filled
train_images/301.jpg,120,131,200,173,200,200,filled
train_images/302.jpg,21,51,200,96,200,200,filled
train_images/303.jpg,82,110,165,142,200,200,0
train_images/304.jpg,105,108,181,200,200,200,filled
train_images/305.jpg,55,101,96,122,200,200,filled
train_images/306.jpg,138,78,159,200,200,200,filled
train_images/307.jpg,81,19,105,73,200,200,filled
train_images/308.jpg,134,80,200,96,200,200,0
train_images/309.jpg,139,67,173,116,200,200,filled
train_images/310.jpg,21,81,153,133,200,200,filled
train_images/311.jpg,136,5,176,51,200,200,0
train_images/312.jpg,4,48,60,70,200,200,0
train_images/313.jpg,142,105,188,125,200,200,0
train_images/314.jpg,96,35,174,175,200,200,0
train_images/315.jpg,101,119,119,179,200,200,0
train_images/316.jpg,132,81,188,106,200,200,filled
train_images/317.jpg,116,12,173,150,200,200,0
train_images/318.jpg,91,13,172,185,200,200,filled
train_images/319.jpg,135,55,186,161,200,200,0
train_images/320.jpg,65,140,83,193,200,200,0
train_images/321.jpg,106,90,141,118,200,200,filled
train_images/322.jpg,139,116,178,154,200,200,0
train_images/323.jpg,43,48,152,104,200,200,filled
train_images/324.jpg,138,100,192,157,200,200,filled
train_images/325.jpg,65,146,177,200,200,200,0
train_images/326.jpg,78,10,97,158,200,200,0
train_images/327.jpg,47,110,111,120,200,200,0
train_images/328.jpg,35,35,68,78,200,200,filled
train_images/329.jpg,56,137,142,179,200,200,filled
train_images/330.jpg,108,70,122,152,200,200,0
train_images/331.jpg,5,103,194,172,200,200,filled
train_images/332.jpg,29,17,200,145,200,200,0
train_images/333.jpg,87,47,172,159,200,200,filled
train_images/334.jpg,63,62,191,159,200,200,filled
train_images/335.jpg,98,130,155,176,200,200,filled
train_images/336.jpg,30,77,50,165,200,200,0
train_images/337.jpg,32,73,116,140,200,200,filled
train_images/338.jpg,54,128,118,191,200,200,0
train_images/339.jpg,33,39,175,135,200,200,0
train_images/340.jpg,150,72,178,188,200,200,filled
train_images/341.jpg,53,89,191,180,200,200,0
train_images/342.jpg,150,0,163,37,200,200,0
train_images/343.jpg,81,76,126,192,200,200,filled
train_images/344.jpg,11,60,42,137,200,200,filled
train_images/345.jpg,27,70,149,195,200,200,filled
train_images/346.jpg,40,85,200,169,200,200,filled
train_images/347.jpg,86,20,180,191,200,200,filled
train_images/348.jpg,102,146,196,162,200,200,0
train_images/349.jpg,72,141,125,172,200,200,0
train_images/350.jpg,30,71,93,132,200,200,0
train_images/351.jpg,50,20,83,200,200,200,filled
train_images/352.jpg,99,138,118,183,200,200,0
train_images/353.jpg,90,53,147,171,200,200,0
train_images/354.jpg,32,77,49,129,200,200,0
train_images/355.jpg,88,116,120,140,200,200,filled
train_images/356.jpg,145,14,184,177,200,200,filled
train_images/357.jpg,40,43,163,174,200,200,filled
train_images/358.jpg,81,19,102,80,200,200,filled
train_images/359.jpg,94,125,115,191,200,200,0
train_images/360.jpg,28,144,174,167,200,200,0
train_images/361.jpg,34,26,128,157,200,200,filled
train_images/362.jpg,128,150,200,181,200,200,filled
train_images/363.jpg,38,128,103,152,200,200,filled
train_images/364.jpg,48,4,184,145,200,200,0
train_images/365.jpg,69,4,154,177,200,200,0
train_images/366.jpg,91,76,162,161,200,200,0
train_images/367.jpg,17,84,122,169,200,200,0
train_images/368.jpg,78,23,179,85,200,200,0
train_images/369.jpg,78,74,103,113,200,200,0
train_images/370.jpg,0,121,97,140,200,200,0
train_images/371.jpg,28,3,40,25,200,200,0
train_images/372.jpg,14,60,36,184,200,200,0
train_images/373.jpg,0,144,73,186,200,200,0
train_images/374.jpg,17,10,75,161,200,200,filled
train_images/375.jpg,133,29,159,41,200,200,0
train_images/376.jpg,43,130,76,190,200,200,filled
train_images/377.jpg,115,120,184,161,200,200,filled
train_images/378.jpg,36,56,59,83,200,200,filled
train_images/379.jpg,85,37,179,182,200,200,0
train_images/380.jpg,75,7,92,177,200,200,0
train_images/381.jpg,28,11,115,27,200,200,0
train_images/382.jpg,142,16,159,121,200,200,0
train_images/383.jpg,0,0,155,159,200,200,0
train_images/384.jpg,146,53,157,180,200,200,0
train_images/385.jpg,97,77,160,115,200,200,filled
train_images/386.jpg,73,117,129,159,200,200,filled
train_images/387.jpg,146,103,194,147,200,200,filled
train_images/388.jpg,97,0,181,200,200,200,0
train_images/389.jpg,84,130,142,191,200,200,0
train_images/390.jpg,71,85,195,169,200,200,filled
train_images/391.jpg,0,72,148,141,200,200,filled
train_images/392.jpg,4,0,120,49,200,200,0
train_images/393.jpg,7,133,125,157,200,200,filled
train_images/394.jpg,68,91,112,178,200,200,filled
train_images/395.jpg,137,0,184,11,200,200,0
train_images/396.jpg,110,15,200,32,200,200,0
train_images/397.jpg,21,63,66,174,200,200,filled
train_images/398.jpg,79,76,129,150,200,200,filled
train_images/399.jpg,11,102,82,165,200,200,0
train_images/400.jpg,84,69,115,192,200,200,filled
train_images/401.jpg,134,11,193,35,200,200,0
train_images/402.jpg,21,106,119,133,200,200,0
train_images/403.jpg,16,19,33,71,200,200,0
train_images/404.jpg,0,6,130,127,200,200,0
train_images/405.jpg,148,128,159,183,200,200,0
train_images/406.jpg,12,148,116,166,200,200,0
train_images/407.jpg,134,97,200,175,200,200,filled
train_images/408.jpg,117,114,134,191,200,200,0
train_images/409.jpg,25,0,60,183,200,200,0
train_images/410.jpg,127,9,171,147,200,200,0
train_images/411.jpg,107,126,179,198,200,200,filled
train_images/412.jpg,30,69,123,127,200,200,0
train_images/413.jpg,37,47,84,61,200,200,0
train_images/414.jpg,55,133,83,191,200,200,filled
train_images/415.jpg,36,80,85,110,200,200,filled
train_images/416.jpg,18,99,127,191,200,200,filled
train_images/417.jpg,115,123,154,135,200,200,0
train_images/418.jpg,49,33,157,50,200,200,0
train_images/419.jpg,66,133,136,146,200,200,0
train_images/420.jpg,3,47,188,191,200,200,filled
train_images/421.jpg,87,55,98,79,200,200,0
train_images/422.jpg,26,0,93,169,200,200,filled
train_images/423.jpg,61,37,78,48,200,200,0
train_images/424.jpg,45,101,124,166,200,200,filled
train_images/425.jpg,9,96,76,183,200,200,filled
train_images/426.jpg,96,106,153,189,200,200,0
train_images/427.jpg,112,76,158,129,200,200,filled
train_images/428.jpg,9,107,101,144,200,200,0
train_images/429.jpg,76,81,124,118,200,200,0
train_images/430.jpg,90,27,113,57,200,200,filled
train_images/431.jpg,28,111,90,177,200,200,filled
train_images/432.jpg,78,64,183,128,200,200,filled
train_images/433.jpg,20,75,183,143,200,200,0
train_images/434.jpg,87,58,168,102,200,200,0
train_images/435.jpg,31,98,178,193,200,200,0
train_images/436.jpg,116,33,197,67,200,200,filled
train_images/437.jpg,110,44,148,151,200,200,0
train_images/438.jpg,41,46,58,123,200,200,0
train_images/439.jpg,50,65,137,171,200,200,filled
train_images/440.jpg,52,76,178,138,200,200,filled
train_images/441.jpg,0,14,76,156,200,200,0
train_images/442.jpg,93,113,163,180,200,200,filled
train_images/443.jpg,87,125,115,200,200,200,0
train_images/444.jpg,112,137,150,191,200,200,filled
train_images/445.jpg,106,127,141,193,200,200,0
train_images/446.jpg,139,141,195,200,200,200,filled
train_images/447.jpg,78,70,189,129,200,200,filled
train_images/448.jpg,136,39,150,108,200,200,0
train_images/449.jpg,18,149,32,166,200,200,0
train_images/450.jpg,0,126,47,157,200,200,filled
train_images/451.jpg,91,87,161,190,200,200,filled
train_images/452.jpg,63,46,110,102,200,200,filled
train_images/453.jpg,3,102,145,131,200,200,filled
train_images/454.jpg,53,144,73,175,200,200,0
train_images/455.jpg,139,115,157,126,200,200,0
train_images/456.jpg,145,96,177,194,200,200,0
train_images/457.jpg,81,86,183,109,200,200,0
train_images/458.jpg,35,11,169,43,200,200,filled
train_images/459.jpg,21,85,145,186,200,200,0
train_images/460.jpg,119,120,198,175,200,200,filled
train_images/461.jpg,113,98,149,200,200,200,0
train_images/462.jpg,56,71,98,141,200,200,filled
train_images/463.jpg,90,32,108,125,200,200,0
train_images/464.jpg,36,5,142,48,200,200,filled
train_images/465.jpg,57,1,199,139,200,200,filled
train_images/466.jpg,80,82,181,162,200,200,filled
train_images/467.jpg,70,8,114,147,200,200,0
train_images/468.jpg,60,98,189,164,200,200,0
train_images/469.jpg,145,126,193,200,200,200,filled
train_images/470.jpg,143,138,199,200,200,200,filled
train_images/471.jpg,34,126,150,168,200,200,0
train_images/472.jpg,76,140,179,198,200,200,filled
train_images/473.jpg,5,111,171,200,200,200,0
train_images/474.jpg,77,15,186,41,200,200,filled
train_images/475.jpg,107,15,153,108,200,200,filled
train_images/476.jpg,105,69,170,141,200,200,filled
train_images/477.jpg,124,121,179,193,200,200,filled
train_images/478.jpg,1,132,165,150,200,200,0
train_images/479.jpg,63,88,193,191,200,200,filled
train_images/480.jpg,50,36,183,199,200,200,0
train_images/481.jpg,127,91,194,200,200,200,filled
train_images/482.jpg,13,78,117,167,200,200,0
train_images/483.jpg,127,102,198,194,200,200,filled
train_images/484.jpg,43,31,183,135,200,200,filled
train_images/485.jpg,99,62,164,150,200,200,0
train_images/486.jpg,130,139,158,166,200,200,0
train_images/487.jpg,7,85,116,136,200,200,0
train_images/488.jpg,32,138,200,194,200,200,0
train_images/489.jpg,7,88,50,168,200,200,0
train_images/490.jpg,0,0,39,164,200,200,0
train_images/491.jpg,39,117,191,171,200,200,0
train_images/492.jpg,16,41,67,177,200,200,filled
train_images/493.jpg,77,27,200,192,200,200,filled
train_images/494.jpg,36,130,46,149,200,200,0
train_images/495.jpg,96,106,115,158,200,200,0
train_images/496.jpg,50,104,131,200,200,200,0
train_images/497.jpg,60,37,175,157,200,200,filled
train_images/498.jpg,79,0,133,159,200,200,0
train_images/499.jpg,114,84,192,130,200,200,0
train_images/500.jpg,132,86,167,135,200,200,filled
train_images/501.jpg,66,88,149,187,200,200,filled
train_images/502.jpg,8,66,101,93,200,200,0
train_images/503.jpg,136,126,162,141,200,200,0
train_images/504.jpg,97,63,153,90,200,200,filled
train_images/505.jpg,48,103,174,115,200,200,0
train_images/506.jpg,38,75,119,164,200,200,filled
train_images/507.jpg,59,123,154,165,200,200,0
train_images/508.jpg,121,124,176,152,200,200,filled
train_images/509.jpg,123,88,147,113,200,200,0
train_images/510.jpg,74,0,123,175,200,200,filled
train_images/511.jpg,126,114,150,126,200,200,0
train_images/512.jpg,44,34,85,71,200,200,0
train_images/513.jpg,0,64,185,145,200,200,filled
train_images/514.jpg,106,101,127,193,200,200,0
train_images/515.jpg,107,31,164,75,200,200,0
train_images/516.jpg,119,135,200,147,200,200,0
train_images/517.jpg,52,59,77,165,200,200,filled
train_images/518.jpg,0,77,148,130,200,200,filled
train_images/519.jpg,44,59,138,77,200,200,0
train_images/520.jpg,142,134,160,181,200,200,0
train_images/521.jpg,25,29,35,147,200,200,0
train_images/522.jpg,67,6,162,63,200,200,filled
train_images/523.jpg,149,53,184,67,200,200,0
train_images/524.jpg,22,13,197,168,200,200,filled
train_images/525.jpg,0,70,37,108,200,200,0
train_images/526.jpg,6,72,128,163,200,200,filled
train_images/527.jpg,128,29,176,194,200,200,0
train_images/528.jpg,86,25,162,86,200,200,0
train_images/529.jpg,90,69,118,84,200,200,0
train_images/530.jpg,49,44,194,70,200,200,filled
train_images/531.jpg,100,118,163,128,200,200,0
train_images/532.jpg,38,83,200,180,200,200,0
train_images/533.jpg,133,51,194,79,200,200,0
train_images/534.jpg,130,38,170,65,200,200,filled
train_images/535.jpg,2,21,116,58,200,200,filled
train_images/536.jpg,140,138,187,180,200,200,filled
train_images/537.jpg,121,96,157,195,200,200,filled
train_images/538.jpg,111,30,132,194,200,200,filled
train_images/539.jpg,74,2,140,112,200,200,filled
train_images/540.jpg,145,56,175,89,200,200,0
train_images/541.jpg,11,28,58,157,200,200,filled
train_images/542.jpg,133,99,150,196,200,200,0
train_images/543.jpg,21,101,60,152,200,200,filled
train_images/544.jpg,131,47,159,143,200,200,filled
train_images/545.jpg,82,87,200,198,200,200,filled
train_images/546.jpg,147,125,188,140,200,200,0
train_images/547.jpg,22,124,80,200,200,200,filled
train_images/548.jpg,141,91,188,180,200,200,0
train_images/549.jpg,101,84,133,180,200,200,0
train_images/550.jpg,65,82,184,111,200,200,0
train_images/551.jpg,80,27,179,86,200,200,filled
train_images/552.jpg,125,100,197,193,200,200,filled
train_images/553.jpg,26,11,180,189,200,200,filled
train_images/554.jpg,117,106,142,130,200,200,0
train_images/555.jpg,115,3,145,187,200,200,filled
train_images/556.jpg,50,24,170,133,200,200,0
train_images/557.jpg,133,88,172,200,200,200,filled
train_images/558.jpg,74,3,151,130,200,200,0
train_images/559.jpg,19,85,55,124,200,200,filled
train_images/560.jpg,62,92,167,165,200,200,filled
train_images/561.jpg,91,2,106,197,200,200,0
train_images/562.jpg,87,43,195,55,200,200,0
train_images/563.jpg,150,99,177,190,200,200,filled
train_images/564.jpg,100,138,163,182,200,200,0
train_images/565.jpg,48,141,64,191,200,200,0
train_images/566.jpg,93,51,134,85,200,200,filled
train_images/567.jpg,57,47,180,123,200,200,filled
train_images/568.jpg,80,100,92,200,200,200,0
train_images/569.jpg,80,115,138,133,200,200,0
train_images/570.jpg,83,13,102,140,200,200,0
train_images/571.jpg,24,25,34,42,200,200,0
train_images/572.jpg,109,62,193,87,200,200,0
train_images/573.jpg,21,64,141,133,200,200,filled
train_images/574.jpg,99,86,152,171,200,200,filled
train_images/575.jpg,93,9,183,33,200,200,filled
train_images/576.jpg,52,83,127,187,200,200,filled
train_images/577.jpg,109,130,200,176,200,200,0
train_images/578.jpg,52,68,119,95,200,200,filled
train_images/579.jpg,48,45,145,176,200,200,filled
train_images/580.jpg,31,141,72,161,200,200,0
train_images/581.jpg,95,76,111,192,200,200,0
train_images/582.jpg,68,21,87,140,200,200,0
train_images/583.jpg,44,1,124,72,200,200,0
train_images/584.jpg,65,43,113,163,200,200,0
train_images/585.jpg,100,65,136,153,200,200,filled
train_images/586.jpg,0,134,156,200,200,200,0
train_images/587.jpg,5,77,77,127,200,200,filled
train_images/588.jpg,83,138,188,155,200,200,0
train_images/589.jpg,4,27,14,197,200,200,0
train_images/590.jpg,136,0,185,114,200,200,filled
train_images/591.jpg,104,108,198,150,200,200,filled
train_images/592.jpg,19,0,65,51,200,200,filled
train_images/593.jpg,68,136,103,183,200,200,0
train_images/594.jpg,149,128,189,183,200,200,filled
train_images/595.jpg,16,39,198,76,200,200,filled
train_images/596.jpg,103,83,138,166,200,200,filled
train_images/597.jpg,74,41,134,192,200,200,filled
train_images/598.jpg,28,65,139,149,200,200,filled
train_images/599.jpg,131,116,146,179,200,200,0
train_images/600.jpg,105,58,134,131,200,200,filled
train_images/601.jpg,20,59,172,151,200,200,0
train_images/602.jpg,24,55,188,70,200,200,0
train_images/603.jpg,55,0,126,157,200,200,0
train_images/604.jpg,0,44,48,129,200,200,filled
train_images/605.jpg,147,127,196,139,200,200,0
train_images/606.jpg,149,52,183,118,200,200,filled
train_images/607.jpg,57,69,104,83,200,200,0
train_images/608.jpg,61,35,144,163,200,200,filled
train_images/609.jpg,85,98,97,110,200,200,0
train_images/610.jpg,117,144,129,187,200,200,0
train_images/611.jpg,2,100,14,194,200,200,0
train_images/612.jpg,9,78,101,150,200,200,0
train_images/613.jpg,67,144,94,178,200,200,filled
train_images/614.jpg,7,36,94,82,200,200,filled
train_images/615.jpg,147,12,175,159,200,200,filled
train_images/616.jpg,4,107,84,189,200,200,0
train_images/617.jpg,131,132,187,168,200,200,0
train_images/618.jpg,143,125,164,158,200,200,0
train_images/619.jpg,68,103,169,186,200,200,filled
train_images/620.jpg,128,7,161,20,200,200,0
train_images/621.jpg,28,34,136,88,200,200,filled
train_images/622.jpg,131,118,195,128,200,200,0
train_images/623.jpg,6,37,25,89,200,200,0
train_images/624.jpg,135,6,181,71,200,200,filled
train_images/625.jpg,138,36,182,160,200,200,0
train_images/626.jpg,22,82,37,140,200,200,0
train_images/627.jpg,60,17,115,179,200,200,filled
train_images/628.jpg,128,8,176,84,200,200,filled
train_images/629.jpg,79,54,153,180,200,200,filled
train_images/630.jpg,40,54,114,73,200,200,0
train_images/631.jpg,91,114,195,163,200,200,0
train_images/632.jpg,59,95,156,141,200,200,filled
train_images/633.jpg,36,97,67,167,200,200,0
train_images/634.jpg,2,84,123,190,200,200,filled
train_images/635.jpg,130,3,149,54,200,200,0
train_images/636.jpg,31,19,108,76,200,200,filled
train_images/637.jpg,128,150,186,176,200,200,filled
train_images/638.jpg,54,37,200,161,200,200,filled
train_images/639.jpg,10,99,86,127,200,200,filled
train_images/640.jpg,90,34,138,78,200,200,0
train_images/641.jpg,54,40,189,126,200,200,0
train_images/642.jpg,6,90,169,122,200,200,0
train_images/643.jpg,97,103,197,165,200,200,0
train_images/644.jpg,28,67,76,94,200,200,0
train_images/645.jpg,12,56,200,145,200,200,filled
train_images/646.jpg,1,148,148,173,200,200,filled
train_images/647.jpg,125,149,179,178,200,200,0
train_images/648.jpg,19,104,139,142,200,200,0
train_images/649.jpg,88,139,103,180,200,200,0
train_images/650.jpg,0,109,63,195,200,200,0
train_images/651.jpg,16,147,186,173,200,200,filled
train_images/652.jpg,149,17,163,62,200,200,0
train_images/653.jpg,89,113,110,187,200,200,0
train_images/654.jpg,23,86,150,133,200,200,filled
train_images/655.jpg,132,79,189,146,200,200,filled
train_images/656.jpg,8,31,82,71,200,200,filled
train_images/657.jpg,146,69,200,93,200,200,0
train_images/658.jpg,117,70,136,100,200,200,0
train_images/659.jpg,115,70,147,84,200,200,0
train_images/660.jpg,147,36,200,71,200,200,filled
train_images/661.jpg,150,130,200,200,200,200,filled
train_images/662.jpg,133,106,184,147,200,200,0
train_images/663.jpg,115,20,160,55,200,200,filled
train_images/664.jpg,52,65,193,162,200,200,filled
train_images/665.jpg,55,126,140,166,200,200,filled
train_images/666.jpg,137,6,154,79,200,200,0
train_images/667.jpg,150,147,192,200,200,200,filled
train_images/668.jpg,69,119,103,180,200,200,filled
train_images/669.jpg,87,21,128,123,200,200,0
train_images/670.jpg,129,50,153,135,200,200,0
train_images/671.jpg,29,58,75,165,200,200,filled
train_images/672.jpg,110,53,161,158,200,200,filled
train_images/673.jpg,54,0,156,158,200,200,0
train_images/674.jpg,70,112,147,156,200,200,0
train_images/675.jpg,47,70,194,199,200,200,0
train_images/676.jpg,60,11,199,172,200,200,0
train_images/677.jpg,4,76,192,200,200,200,0
train_images/678.jpg,122,76,159,92,200,200,0
train_images/679.jpg,71,146,108,184,200,200,0
train_images/680.jpg,23,53,102,91,200,200,filled
train_images/681.jpg,138,133,151,176,200,200,0
train_images/682.jpg,51,96,136,170,200,200,filled
train_images/683.jpg,56,12,180,39,200,200,0
train_images/684.jpg,137,148,162,167,200,200,0
train_images/685.jpg,63,12,189,35,200,200,0
train_images/686.jpg,134,93,181,146,200,200,filled
train_images/687.jpg,26,14,84,145,200,200,filled
train_images/688.jpg,81,118,132,175,200,200,filled
train_images/689.jpg,61,101,101,131,200,200,0
train_images/690.jpg,18,29,53,65,200,200,filled
train_images/691.jpg,124,2,185,86,200,200,0
train_images/692.jpg,97,142,131,165,200,200,filled
train_images/693.jpg,115,108,200,198,200,200,filled
train_images/694.jpg,141,44,159,95,200,200,0
train_images/695.jpg,98,126,169,160,200,200,filled
train_images/696.jpg,140,135,161,195,200,200,0
train_images/697.jpg,95,66,130,149,200,200,filled
train_images/698.jpg,71,100,86,161,200,200,0
train_images/699.jpg,8,68,110,200,200,200,filled
train_images/700.jpg,10,110,200,197,200,200,0
train_images/701.jpg,0,58,186,74,200,200,0
train_images/702.jpg,59,142,93,189,200,200,0
train_images/703.jpg,131,90,168,177,200,200,filled
train_images/704.jpg,46,125,96,155,200,200,0
train_images/705.jpg,71,147,104,157,200,200,0
train_images/706.jpg,141,109,200,196,200,200,0
train_images/707.jpg,89,113,128,124,200,200,0
train_images/708.jpg,0,46,104,72,200,200,0
train_images/709.jpg,130,132,193,159,200,200,filled
train_images/710.jpg,104,125,129,182,200,200,filled
train_images/711.jpg,84,136,99,152,200,200,0
train_images/712.jpg,54,142,67,200,200,200,0
train_images/713.jpg,0,142,173,200,200,200,0
train_images/714.jpg,19,40,200,153,200,200,0
train_images/715.jpg,79,103,142,135,200,200,0
train_images/716.jpg,0,72,62,160,200,200,0
train_images/717.jpg,103,141,166,158,200,200,0
train_images/718.jpg,148,0,200,38,200,200,0
train_images/719.jpg,79,5,133,180,200,200,0
train_images/720.jpg,133,127,200,142,200,200,0
train_images/721.jpg,143,42,173,118,200,200,filled
train_images/722.jpg,115,81,153,195,200,200,filled
train_images/723.jpg,71,7,152,195,200,200,filled
train_images/724.jpg,11,109,71,176,200,200,0
train_images/725.jpg,70,73,181,122,200,200,filled
train_images/726.jpg,127,60,185,200,200,200,0
train_images/727.jpg,120,137,172,151,200,200,0
train_images/728.jpg,0,10,70,148,200,200,filled
train_images/729.jpg,43,85,83,170,200,200,0
train_images/730.jpg,10,62,200,88,200,200,0
train_images/731.jpg,53,55,170,162,200,200,filled
train_images/732.jpg,77,26,179,95,200,200,0
train_images/733.jpg,7,54,77,116,200,200,0
train_images/734.jpg,123,82,140,153,200,200,0
train_images/735.jpg,80,26,119,106,200,200,filled
train_images/736.jpg,45,53,112,158,200,200,filled
train_images/737.jpg,15,131,64,191,200,200,filled
train_images/738.jpg,34,138,159,200,200,200,filled
train_images/739.jpg,129,17,191,62,200,200,filled
train_images/740.jpg,148,78,175,143,200,200,0
train_images/741.jpg,78,24,167,189,200,200,filled
train_images/742.jpg,104,54,196,200,200,200,0
train_images/743.jpg,1,59,83,173,200,200,0
train_images/744.jpg,3,4,183,33,200,200,filled
train_images/745.jpg,137,147,180,176,200,200,filled
train_images/746.jpg,15,119,116,200,200,200,filled
train_images/747.jpg,20,114,94,200,200,200,0
train_images/748.jpg,21,64,104,114,200,200,filled
train_images/749.jpg,65,67,158,105,200,200,0
train_images/750.jpg,96,71,131,191,200,200,filled
train_images/751.jpg,68,89,152,156,200,200,filled
train_images/752.jpg,147,125,195,148,200,200,filled
train_images/753.jpg,7,27,191,75,200,200,filled
train_images/754.jpg,39,135,69,150,200,200,0
train_images/755.jpg,128,31,177,128,200,200,0
train_images/756.jpg,87,56,200,157,200,200,filled
train_images/757.jpg,43,12,143,78,200,200,0
train_images/758.jpg,127,136,154,185,200,200,filled
train_images/759.jpg,49,54,154,112,200,200,filled
train_images/760.jpg,3,105,40,179,200,200,filled
train_images/761.jpg,134,133,191,200,200,200,filled
train_images/762.jpg,66,0,200,90,200,200,filled
train_images/763.jpg,90,11,146,168,200,200,filled
train_images/764.jpg,89,1,195,134,200,200,filled
train_images/765.jpg,127,0,144,68,200,200,0
train_images/766.jpg,95,42,182,198,200,200,0
train_images/767.jpg,13,77,55,95,200,200,0
train_images/768.jpg,1,52,149,192,200,200,filled
train_images/769.jpg,142,129,163,159,200,200,filled
train_images/770.jpg,28,74,65,97,200,200,0
train_images/771.jpg,106,143,179,187,200,200,filled
train_images/772.jpg,0,39,200,96,200,200,0
train_images/773.jpg,43,30,79,146,200,200,filled
train_images/774.jpg,101,143,160,195,200,200,0
train_images/775.jpg,136,101,155,139,200,200,0
train_images/776.jpg,124,14,181,99,200,200,filled
train_images/777.jpg,85,77,156,140,200,200,0
train_images/778.jpg,5,28,190,165,200,200,filled
train_images/779.jpg,67,12,188,82,200,200,filled
train_images/780.jpg,47,56,177,189,200,200,0
train_images/781.jpg,136,139,196,152,200,200,0
train_images/782.jpg,138,139,193,168,200,200,0
train_images/783.jpg,20,58,117,92,200,200,0
train_images/784.jpg,57,0,69,196,200,200,0
train_images/785.jpg,20,0,68,65,200,200,filled
train_images/786.jpg,9,62,128,182,200,200,0
train_images/787.jpg,135,69,187,154,200,200,filled
train_images/788.jpg,100,103,120,189,200,200,0
train_images/789.jpg,134,55,180,134,200,200,0
train_images/790.jpg,18,106,156,128,200,200,filled
train_images/791.jpg,20,21,128,177,200,200,filled
train_images/792.jpg,30,74,75,183,200,200,0
train_images/793.jpg,24,3,78,137,200,200,filled
train_images/794.jpg,129,52,196,133,200,200,0
train_images/795.jpg,122,41,163,193,200,200,0
train_images/796.jpg,81,36,186,173,200,200,filled
train_images/797.jpg,34,94,160,198,200,200,filled
train_images/798.jpg,76,121,148,181,200,200,0
train_images/799.jpg,119,40,156,93,200,200,filled
train_images/800.jpg,18,112,48,180,200,200,filled
train_images/801.jpg,59,64,91,143,200,200,filled
train_images/802.jpg,76,27,148,143,200,200,filled
train_images/803.jpg,97,50,115,159,200,200,0
train_images/804.jpg,24,89,196,189,200,200,0
train_images/805.jpg,94,26,158,51,200,200,0
train_images/806.jpg,30,102,186,135,200,200,0
train_images/807.jpg,27,21,100,182,200,200,0
train_images/808.jpg,86,37,192,54,200,200,0
train_images/809.jpg,72,19,140,117,200,200,0
train_images/810.jpg,144,129,170,170,200,200,filled
train_images/811.jpg,0,108,13,126,200,200,0
train_images/812.jpg,128,109,200,133,200,200,filled
train_images/813.jpg,99,0,165,74,200,200,0
train_images/814.jpg,148,138,194,154,200,200,0
train_images/815.jpg,63,96,135,161,200,200,0
train_images/816.jpg,48,95,193,150,200,200,filled
train_images/817.jpg,8,76,151,170,200,200,filled
train_images/818.jpg,66,145,190,199,200,200,filled
train_images/819.jpg,36,93,74,145,200,200,filled
train_images/820.jpg,98,107,125,167,200,200,0
train_images/821.jpg,3,10,26,200,200,200,0
train_images/822.jpg,146,58,182,175,200,200,filled
train_images/823.jpg,149,110,161,132,200,200,0
train_images/824.jpg,79,138,196,181,200,200,filled
train_images/825.jpg,150,46,187,153,200,200,filled
train_images/826.jpg,8,139,66,162,200,200,0
train_images/827.jpg,130,12,148,138,200,200,0
train_images/828.jpg,73,25,125,47,200,200,0
train_images/829.jpg,115,126,146,158,200,200,0
train_images/830.jpg,8,124,173,141,200,200,0
train_images/831.jpg,8,81,59,113,200,200,filled
train_images/832.jpg,128,116,142,153,200,200,0
train_images/833.jpg,116,18,198,37,200,200,0
train_images/834.jpg,134,56,188,171,200,200,0
train_images/835.jpg,100,9,195,162,200,200,filled
train_images/836.jpg,107,89,137,190,200,200,0
train_images/837.jpg,123,18,177,79,200,200,filled
train_images/838.jpg,93,26,125,128,200,200,filled
train_images/839.jpg,31,4,131,169,200,200,0
train_images/840.jpg,93,65,142,183,200,200,filled
train_images/841.jpg,138,1,162,181,200,200,0
train_images/842.jpg,55,146,173,186,200,200,filled
train_images/843.jpg,48,121,83,151,200,200,0
train_images/844.jpg,118,80,161,118,200,200,0
train_images/845.jpg,123,71,168,195,200,200,filled
train_images/846.jpg,118,40,200,164,200,200,filled
train_images/847.jpg,105,59,168,131,200,200,0
train_images/848.jpg,49,80,120,199,200,200,filled
train_images/849.jpg,105,63,193,149,200,200,0
train_images/850.jpg,22,22,200,67,200,200,0
train_images/851.jpg,139,40,165,156,200,200,filled
train_images/852.jpg,26,61,112,75,200,200,0
train_images/853.jpg,88,98,119,188,200,200,0
train_images/854.jpg,131,131,196,197,200,200,filled
train_images/855.jpg,32,89,42,151,200,200,0
train_images/856.jpg,150,53,172,174,200,200,0
train_images/857.jpg,127,2,196,55,200,200,0
train_images/858.jpg,78,31,176,77,200,200,filled
train_images/859.jpg,0,118,85,182,200,200,0
train_images/860.jpg,10,59,151,120,200,200,0
train_images/861.jpg,36,106,53,117,200,200,0
train_images/862.jpg,90,97,200,177,200,200,0
train_images/863.jpg,109,32,129,185,200,200,0
train_images/864.jpg,108,104,148,137,200,200,filled
train_images/865.jpg,13,62,57,112,200,200,filled
train_images/866.jpg,85,141,200,174,200,200,filled
train_images/867.jpg,0,28,189,146,200,200,filled
train_images/868.jpg,122,124,164,167,200,200,filled
train_images/869.jpg,123,34,200,200,200,200,0
train_images/870.jpg,33,111,142,171,200,200,filled
train_images/871.jpg,34,38,127,63,200,200,0
train_images/872.jpg,22,119,200,152,200,200,filled
train_images/873.jpg,125,65,141,120,200,200,0
train_images/874.jpg,71,45,103,84,200,200,0
train_images/875.jpg,128,72,169,147,200,200,filled
train_images/876.jpg,138,19,154,42,200,200,0
train_images/877.jpg,2,128,88,152,200,200,filled
train_images/878.jpg,0,0,128,51,200,200,0
train_images/879.jpg,27,22,98,73,200,200,0
train_images/880.jpg,86,137,200,197,200,200,0
train_images/881.jpg,21,5,79,193,200,200,filled
train_images/882.jpg,94,58,163,134,200,200,0
train_images/883.jpg,39,65,77,176,200,200,filled
train_images/884.jpg,3,122,28,182,200,200,0
train_images/885.jpg,82,18,107,110,200,200,filled
train_images/886.jpg,115,60,179,72,200,200,0
train_images/887.jpg,1,0,70,104,200,200,filled
train_images/888.jpg,110,4,183,102,200,200,filled
train_images/889.jpg,115,7,170,96,200,200,0
train_images/890.jpg,122,36,200,129,200,200,0
train_images/891.jpg,40,104,96,141,200,200,filled
train_images/892.jpg,74,110,120,128,200,200,0
train_images/893.jpg,124,81,142,171,200,200,0
train_images/894.jpg,143,132,192,160,200,200,0
train_images/895.jpg,88,49,191,99,200,200,filled
train_images/896.jpg,2,84,109,142,200,200,0
train_images/897.jpg,143,34,178,78,200,200,0
train_images/898.jpg,137,94,158,129,200,200,filled
train_images/899.jpg,72,104,135,177,200,200,filled
train_images/900.jpg,141,18,164,189,200,200,filled
train_images/901.jpg,67,35,152,53,200,200,0
train_images/902.jpg,126,111,137,169,200,200,0
train_images/903.jpg,137,128,148,169,200,200,0
train_images/904.jpg,127,72,149,90,200,200,0
train_images/905.jpg,37,100,53,200,200,200,0
train_images/906.jpg,135,80,166,200,200,200,filled
train_images/907.jpg,150,114,162,140,200,200,0
train_images/908.jpg,9,10,130,178,200,200,filled
train_images/909.jpg,74,71,87,134,200,200,0
train_images/910.jpg,37,83,148,144,200,200,filled
train_images/911.jpg,150,91,177,129,200,200,0
train_images/912.jpg,0,50,131,91,200,200,filled
train_images/913.jpg,23,99,143,144,200,200,0
train_images/914.jpg,117,77,186,162,200,200,filled
train_images/915.jpg,22,101,81,142,200,200,0
train_images/916.jpg,2,29,160,78,200,200,filled
train_images/917.jpg,89,49,113,105,200,200,filled
train_images/918.jpg,5,113,180,200,200,200,filled
train_images/919.jpg,49,22,134,93,200,200,filled
train_images/920.jpg,149,30,189,200,200,200,filled
train_images/921.jpg,55,57,161,92,200,200,0
train_images/922.jpg,87,105,105,172,200,200,0
train_images/923.jpg,85,146,170,197,200,200,filled
train_images/924.jpg,60,118,112,200,200,200,filled
train_images/925.jpg,115,110,157,174,200,200,filled
train_images/926.jpg,128,125,173,174,200,200,filled
train_images/927.jpg,58,66,123,110,200,200,filled
train_images/928.jpg,51,94,195,183,200,200,filled
train_images/929.jpg,33,110,120,184,200,200,0
train_images/930.jpg,130,52,165,62,200,200,0
train_images/931.jpg,39,128,151,168,200,200,filled
train_images/932.jpg,89,11,123,75,200,200,filled
train_images/933.jpg,43,0,104,175,200,200,0
train_images/934.jpg,37,17,134,78,200,200,0
train_images/935.jpg,101,69,200,191,200,200,filled
train_images/936.jpg,8,49,133,63,200,200,0
train_images/937.jpg,91,68,129,104,200,200,filled
train_images/938.jpg,44,0,197,196,200,200,0
train_images/939.jpg,140,8,187,105,200,200,0
train_images/940.jpg,23,49,86,174,200,200,filled
train_images/941.jpg,41,110,166,128,200,200,0
train_images/942.jpg,40,128,113,191,200,200,filled
train_images/943.jpg,69,18,124,150,200,200,0
train_images/944.jpg,62,86,163,142,200,200,filled
train_images/945.jpg,86,119,200,193,200,200,0
train_images/946.jpg,150,72,172,180,200,200,filled
train_images/947.jpg,14,2,197,143,200,200,filled
train_images/948.jpg,104,52,194,105,200,200,filled
train_images/949.jpg,94,135,157,155,200,200,0
train_images/950.jpg,120,113,145,152,200,200,filled
train_images/951.jpg,61,8,196,106,200,200,0
train_images/952.jpg,123,58,148,106,200,200,0
train_images/953.jpg,113,118,147,132,200,200,0
train_images/954.jpg,111,97,178,172,200,200,0
train_images/955.jpg,74,82,200,118,200,200,filled
train_images/956.jpg,137,46,200,97,200,200,filled
train_images/957.jpg,108,15,184,44,200,200,filled
train_images/958.jpg,23,8,38,124,200,200,0
train_images/959.jpg,25,65,153,117,200,200,filled
train_images/960.jpg,6,30,90,105,200,200,filled
train_images/961.jpg,0,19,157,133,200,200,0
train_images/962.jpg,130,126,187,146,200,200,0
train_images/963.jpg,131,44,167,109,200,200,filled
train_images/964.jpg,32,0,188,120,200,200,0
train_images/965.jpg,30,6,168,87,200,200,0
train_images/966.jpg,76,15,95,43,200,200,0
train_images/967.jpg,136,143,163,171,200,200,filled
train_images/968.jpg,19,114,155,146,200,200,filled
train_images/969.jpg,70,125,85,178,200,200,0
train_images/970.jpg,88,143,195,183,200,200,0
train_images/971.jpg,95,69,180,142,200,200,0
train_images/972.jpg,40,87,91,115,200,200,filled
train_images/973.jpg,138,3,161,116,200,200,0
train_images/974.jpg,83,126,197,190,200,200,0
train_images/975.jpg,116,147,128,173,200,200,0
train_images/976.jpg,145,143,166,177,200,200,filled
train_images/977.jpg,68,100,79,141,200,200,0
train_images/978.jpg,104,54,133,155,200,200,0
train_images/979.jpg,66,47,194,159,200,200,filled
train_images/980.jpg,77,65,125,102,200,200,filled
train_images/981.jpg,83,145,164,192,200,200,filled
train_images/982.jpg,25,26,175,109,200,200,0
train_images/983.jpg,114,74,145,125,200,200,0
train_images/984.jpg,121,118,186,134,200,200,0
train_images/985.jpg,97,77,161,101,200,200,filled
train_images/986.jpg,27,60,68,133,200,200,0
train_images/987.jpg,0,28,102,143,200,200,filled
train_images/988.jpg,80,21,188,132,200,200,0
train_images/989.jpg,130,123,170,161,200,200,filled
train_images/990.jpg,138,85,200,189,200,200,filled
train_images/991.jpg,88,118,140,195,200,200,filled
train_images/992.jpg,146,113,194,200,200,200,0
train_images/993.jpg,116,8,177,200,200,200,filled
train_images/994.jpg,3,20,157,93,200,200,filled
train_images/995.jpg,144,58,172,169,200,200,filled
train_images/996.jpg,121,0,173,31,200,200,filled
train_images/997.jpg,130,53,159,184,200,200,filled
train_images/998.jpg,149,47,181,135,200,200,filled
train_images/999.jpg,98,0,175,155,200,200,0
train_images/1000.jpg,141,66,171,84,200,200,0
train_images/1001.jpg,58,30,83,96,200,200,0
train_images/1002.jpg,114,115,167,180,200,200,0
train_images/1003.jpg,91,1,144,78,200,200,0
train_images/1004.jpg,129,103,200,200,200,200,0
train_images/1005.jpg,13,72,119,134,200,200,0
train_images/1006.jpg,81,53,105,150,200,200,filled
train_images/1007.jpg,87,46,129,99,200,200,filled
train_images/1008.jpg,37,24,113,105,200,200,filled
train_images/1009.jpg,93,44,140,116,200,200,0
train_images/1010.jpg,93,36,121,196,200,200,filled
train_images/1011.jpg,43,103,89,174,200,200,0
train_images/1012.jpg,85,57,184,200,200,200,filled
train_images/1013.jpg,46,128,153,186,200,200,0
train_images/1014.jpg,75,64,119,112,200,200,0
train_images/1015.jpg,128,36,177,90,200,200,0
train_images/1016.jpg,8,30,111,167,200,200,filled
train_images/1017.jpg,12,63,91,195,200,200,filled
train_images/1018.jpg,57,5,110,146,200,200,0
train_images/1019.jpg,144,6,181,91,200,200,0
train_images/1020.jpg,121,11,195,162,200,200,filled
train_images/1021.jpg,104,138,162,194,200,200,filled
train_images/1022.jpg,23,100,68,170,200,200,0
train_images/1023.jpg,67,84,196,126,200,200,filled
train_images/1024.jpg,117,52,182,63,200,200,0
train_images/1025.jpg,123,127,166,164,200,200,filled
train_images/1026.jpg,81,3,170,176,200,200,0
train_images/1027.jpg,0,138,200,200,200,200,filled
train_images/1028.jpg,14,54,172,133,200,200,filled
train_images/1029.jpg,92,10,177,49,200,200,filled
train_images/1030.jpg,79,65,105,146,200,200,0
train_images/1031.jpg,60,0,187,128,200,200,0
train_images/1032.jpg,84,107,95,126,200,200,0
train_images/1033.jpg,104,96,141,197,200,200,filled
train_images/1034.jpg,72,94,112,199,200,200,0
train_images/1035.jpg,21,144,174,200,200,200,filled
train_images/1036.jpg,104,145,118,156,200,200,0
train_images/1037.jpg,51,0,76,82,200,200,0
train_images/1038.jpg,107,27,178,73,200,200,0
train_images/1039.jpg,134,27,174,57,200,200,0
train_images/1040.jpg,97,105,163,184,200,200,0
train_images/1041.jpg,92,32,142,133,200,200,0
train_images/1042.jpg,89,28,187,117,200,200,filled
train_images/1043.jpg,105,5,185,38,200,200,0
train_images/1044.jpg,139,89,198,171,200,200,0
train_images/1045.jpg,17,96,35,164,200,200,0
train_images/1046.jpg,63,8,113,92,200,200,filled
train_images/1047.jpg,57,41,187,136,200,200,filled
train_images/1048.jpg,113,37,141,148,200,200,filled
train_images/1049.jpg,62,31,184,116,200,200,0
train_images/1050.jpg,82,109,153,184,200,200,filled
train_images/1051.jpg,56,0,117,33,200,200,filled
train_images/1052.jpg,73,35,99,122,200,200,0
train_images/1053.jpg,51,105,115,196,200,200,filled
train_images/1054.jpg,45,65,137,97,200,200,filled
train_images/1055.jpg,20,110,120,162,200,200,0
train_images/1056.jpg,150,80,200,148,200,200,filled
train_images/1057.jpg,26,60,48,110,200,200,filled
train_images/1058.jpg,119,43,152,66,200,200,filled
train_images/1059.jpg,48,37,94,55,200,200,0
train_images/1060.jpg,122,32,186,188,200,200,filled
train_images/1061.jpg,64,107,173,160,200,200,filled
train_images/1062.jpg,17,72,112,135,200,200,filled
train_images/1063.jpg,112,0,191,87,200,200,filled
train_images/1064.jpg,0,34,38,143,200,200,0
train_images/1065.jpg,8,104,183,144,200,200,filled
train_images/1066.jpg,92,46,116,108,200,200,0
train_images/1067.jpg,3,15,99,104,200,200,filled
train_images/1068.jpg,70,63,95,130,200,200,filled
train_images/1069.jpg,129,121,142,165,200,200,0
train_images/1070.jpg,32,148,200,170,200,200,0
train_images/1071.jpg,102,25,179,163,200,200,0
train_images/1072.jpg,27,55,79,200,200,200,0
train_images/1073.jpg,44,93,160,176,200,200,0
train_images/1074.jpg,45,0,57,44,200,200,0
train_images/1075.jpg,5,0,56,29,200,200,0
train_images/1076.jpg,131,146,150,173,200,200,0
train_images/1077.jpg,129,32,166,123,200,200,filled
train_images/1078.jpg,96,31,141,151,200,200,filled
train_images/1079.jpg,37,136,49,157,200,200,0
train_images/1080.jpg,146,4,187,130,200,200,filled
train_images/1081.jpg,139,33,177,101,200,200,0
train_images/1082.jpg,50,143,183,174,200,200,0
train_images/1083.jpg,20,131,93,171,200,200,filled
train_images/1084.jpg,67,38,108,171,200,200,0
train_images/1085.jpg,132,45,165,139,200,200,filled
train_images/1086.jpg,54,101,193,131,200,200,0
train_images/1087.jpg,96,90,171,200,200,200,0
train_images/1088.jpg,79,85,200,111,200,200,filled
train_images/1089.jpg,1,108,19,200,200,200,0
train_images/1090.jpg,0,45,157,165,200,200,0
train_images/1091.jpg,98,2,140,123,200,200,filled
train_images/1092.jpg,75,38,102,64,200,200,filled
train_images/1093.jpg,85,63,179,173,200,200,0
train_images/1094.jpg,105,144,165,184,200,200,filled
train_images/1095.jpg,7,123,192,170,200,200,filled
train_images/1096.jpg,148,90,200,200,200,200,filled
train_images/1097.jpg,149,59,191,161,200,200,filled
train_images/1098.jpg,11,13,161,177,200,200,filled
train_images/1099.jpg,3,141,152,164,200,200,filled
train_images/1100.jpg,139,50,185,103,200,200,filled
train_images/1101.jpg,140,135,184,167,200,200,filled
train_images/1102.jpg,74,16,200,83,200,200,0
train_images/1103.jpg,56,136,144,172,200,200,filled
train_images/1104.jpg,53,120,102,159,200,200,0
train_images/1105.jpg,63,61,185,83,200,200,0
train_images/1106.jpg,0,58,135,138,200,200,filled
train_images/1107.jpg,63,0,90,169,200,200,0
train_images/1108.jpg,25,4,132,165,200,200,0
train_images/1109.jpg,57,100,68,135,200,200,0
train_images/1110.jpg,75,149,190,162,200,200,0
train_images/1111.jpg,28,138,68,161,200,200,filled
train_images/1112.jpg,34,76,180,159,200,200,filled
train_images/1113.jpg,115,30,189,140,200,200,filled
train_images/1114.jpg,29,146,200,180,200,200,filled
train_images/1115.jpg,19,115,114,162,200,200,filled
train_images/1116.jpg,46,137,63,200,200,200,0
train_images/1117.jpg,46,68,200,174,200,200,0
train_images/1118.jpg,128,63,158,122,200,200,filled
train_images/1119.jpg,2,1,51,126,200,200,filled
train_images/1120.jpg,60,27,77,59,200,200,0
train_images/1121.jpg,109,5,128,29,200,200,0
train_images/1122.jpg,56,63,74,166,200,200,0
train_images/1123.jpg,42,103,136,167,200,200,0
train_images/1124.jpg,135,117,179,156,200,200,0
train_images/1125.jpg,98,58,146,128,200,200,0
train_images/1126.jpg,39,18,118,113,200,200,0
train_images/1127.jpg,124,97,140,177,200,200,0
train_images/1128.jpg,122,47,139,165,200,200,0
train_images/1129.jpg,92,32,160,122,200,200,0
train_images/1130.jpg,67,116,159,134,200,200,0
train_images/1131.jpg,100,109,137,198,200,200,filled
train_images/1132.jpg,83,75,107,97,200,200,filled
train_images/1133.jpg,91,77,192,182,200,200,filled
train_images/1134.jpg,39,30,200,112,200,200,filled
train_images/1135.jpg,47,9,107,186,200,200,filled
train_images/1136.jpg,115,15,171,60,200,200,0
train_images/1137.jpg,120,18,200,159,200,200,filled
train_images/1138.jpg,75,46,100,127,200,200,filled
train_images/1139.jpg,48,39,104,198,200,200,filled
train_images/1140.jpg,21,91,135,200,200,200,0
train_images/1141.jpg,4,52,164,68,200,200,0
train_images/1142.jpg,74,113,189,196,200,200,0
train_images/1143.jpg,1,85,147,158,200,200,0
train_images/1144.jpg,106,61,151,90,200,200,filled
train_images/1145.jpg,142,102,174,200,200,200,0
train_images/1146.jpg,65,115,140,196,200,200,filled
train_images/1147.jpg,36,24,117,136,200,200,filled
train_images/1148.jpg,0,64,113,111,200,200,filled
train_images/1149.jpg,60,5,167,26,200,200,filled
train_images/1150.jpg,131,122,147,200,200,200,0
train_images/1151.jpg,0,41,171,76,200,200,filled
train_images/1152.jpg,86,144,170,200,200,200,filled
train_images/1153.jpg,147,123,177,176,200,200,0
train_images/1154.jpg,60,41,92,135,200,200,filled
train_images/1155.jpg,19,88,71,142,200,200,filled
train_images/1156.jpg,71,111,194,196,200,200,filled
train_images/1157.jpg,35,53,180,135,200,200,0
train_images/1158.jpg,50,1,174,103,200,200,filled
train_images/1159.jpg,58,22,74,186,200,200,0
train_images/1160.jpg,132,48,165,130,200,200,0
train_images/1161.jpg,95,131,171,169,200,200,filled
train_images/1162.jpg,128,82,142,170,200,200,0
train_images/1163.jpg,146,124,172,187,200,200,filled
train_images/1164.jpg,119,43,151,111,200,200,0
train_images/1165.jpg,98,39,155,179,200,200,filled
train_images/1166.jpg,45,10,176,177,200,200,0
train_images/1167.jpg,99,62,160,152,200,200,filled
train_images/1168.jpg,97,86,140,188,200,200,filled
train_images/1169.jpg,131,0,181,136,200,200,filled
train_images/1170.jpg,53,31,185,43,200,200,0
train_images/1171.jpg,32,8,193,40,200,200,filled
train_images/1172.jpg,81,120,145,146,200,200,filled
train_images/1173.jpg,136,91,188,140,200,200,filled
train_images/1174.jpg,0,116,200,128,200,200,0
train_images/1175.jpg,89,45,168,66,200,200,0
train_images/1176.jpg,106,118,161,200,200,200,0
train_images/1177.jpg,80,0,134,150,200,200,0
train_images/1178.jpg,140,61,189,115,200,200,filled
train_images/1179.jpg,66,64,82,165,200,200,0
train_images/1180.jpg,74,23,186,170,200,200,0
train_images/1181.jpg,114,72,166,103,200,200,filled
train_images/1182.jpg,143,77,159,199,200,200,0
train_images/1183.jpg,109,86,132,182,200,200,filled
train_images/1184.jpg,56,108,79,179,200,200,filled
train_images/1185.jpg,53,66,155,150,200,200,filled
train_images/1186.jpg,0,94,85,178,200,200,filled
train_images/1187.jpg,23,35,167,57,200,200,0
train_images/1188.jpg,67,28,123,132,200,200,filled
train_images/1189.jpg,90,0,199,23,200,200,filled
train_images/1190.jpg,143,136,154,149,200,200,0
train_images/1191.jpg,10,15,164,48,200,200,filled
train_images/1192.jpg,4,100,27,193,200,200,0
train_images/1193.jpg,0,114,88,200,200,200,filled
train_images/1194.jpg,52,0,163,119,200,200,filled
train_images/1195.jpg,111,55,198,73,200,200,0
train_images/1196.jpg,64,32,90,56,200,200,0
train_images/1197.jpg,17,8,191,137,200,200,filled
train_images/1198.jpg,150,141,168,200,200,200,0
train_images/1199.jpg,37,17,171,172,200,200,0
train_images/1200.jpg,57,72,125,105,200,200,filled
train_images/1201.jpg,111,83,135,105,200,200,filled
train_images/1202.jpg,122,29,200,116,200,200,0
train_images/1203.jpg,139,139,167,198,200,200,filled
train_images/1204.jpg,0,133,125,200,200,200,filled
train_images/1205.jpg,94,86,116,155,200,200,filled
train_images/1206.jpg,84,66,156,113,200,200,filled
train_images/1207.jpg,143,144,200,185,200,200,filled
train_images/1208.jpg,147,82,157,155,200,200,0
train_images/1209.jpg,0,106,199,200,200,200,filled
train_images/1210.jpg,149,68,168,89,200,200,0
train_images/1211.jpg,33,60,170,160,200,200,0
train_images/1212.jpg,108,36,132,50,200,200,0
train_images/1213.jpg,95,114,137,171,200,200,filled
train_images/1214.jpg,86,60,137,187,200,200,0
train_images/1215.jpg,142,91,198,117,200,200,filled
train_images/1216.jpg,32,0,126,151,200,200,filled
train_images/1217.jpg,133,6,169,93,200,200,0
train_images/1218.jpg,0,41,119,118,200,200,filled
train_images/1219.jpg,115,17,188,181,200,200,filled
train_images/1220.jpg,108,57,163,173,200,200,filled
train_images/1221.jpg,30,91,74,117,200,200,filled
train_images/1222.jpg,141,55,155,199,200,200,0
train_images/1223.jpg,126,133,195,200,200,200,filled
train_images/1224.jpg,148,109,164,192,200,200,0
train_images/1225.jpg,52,144,155,192,200,200,filled
train_images/1226.jpg,1,51,108,89,200,200,filled
train_images/1227.jpg,50,145,82,164,200,200,0
train_images/1228.jpg,20,95,112,105,200,200,0
train_images/1229.jpg,1,110,130,140,200,200,filled
train_images/1230.jpg,58,89,119,154,200,200,0
train_images/1231.jpg,80,53,142,121,200,200,filled
train_images/1232.jpg,150,109,200,200,200,200,filled
train_images/1233.jpg,61,16,194,143,200,200,filled
train_images/1234.jpg,52,149,191,200,200,200,0
train_images/1235.jpg,109,9,146,184,200,200,filled
train_images/1236.jpg,107,94,200,128,200,200,filled
train_images/1237.jpg,16,35,150,68,200,200,0
train_images/1238.jpg,86,111,148,183,200,200,0
train_images/1239.jpg,116,115,153,177,200,200,filled
train_images/1240.jpg,150,55,181,83,200,200,filled
train_images/1241.jpg,144,129,200,167,200,200,filled
train_images/1242.jpg,26,137,55,153,200,200,0
train_images/1243.jpg,149,140,187,200,200,200,filled
train_images/1244.jpg,147,85,187,191,200,200,0
train_images/1245.jpg,1,51,165,200,200,200,filled
train_images/1246.jpg,87,72,156,164,200,200,0
train_images/1247.jpg,52,11,131,170,200,200,0
train_images/1248.jpg,140,35,158,72,200,200,0
train_images/1249.jpg,25,103,176,136,200,200,0
train_images/1250.jpg,41,23,133,72,200,200,0
train_images/1251.jpg,32,45,153,199,200,200,filled
train_images/1252.jpg,66,31,83,152,200,200,0
train_images/1253.jpg,20,111,200,179,200,200,0
train_images/1254.jpg,31,67,200,80,200,200,0
train_images/1255.jpg,75,93,189,159,200,200,filled
train_images/1256.jpg,66,47,141,183,200,200,filled
train_images/1257.jpg,143,140,171,150,200,200,0
train_images/1258.jpg,19,47,75,123,200,200,0
train_images/1259.jpg,137,56,195,151,200,200,filled
train_images/1260.jpg,45,42,139,163,200,200,filled
train_images/1261.jpg,135,14,200,185,200,200,filled
train_images/1262.jpg,93,50,200,92,200,200,filled
train_images/1263.jpg,27,17,193,181,200,200,filled
train_images/1264.jpg,36,140,185,156,200,200,0
train_images/1265.jpg,117,60,180,179,200,200,filled
train_images/1266.jpg,4,16,36,166,200,200,0
train_images/1267.jpg,62,50,173,193,200,200,0
train_images/1268.jpg,0,88,52,150,200,200,filled
train_images/1269.jpg,102,17,186,84,200,200,filled
train_images/1270.jpg,81,38,190,108,200,200,filled
train_images/1271.jpg,34,27,149,126,200,200,filled
train_images/1272.jpg,121,88,144,112,200,200,filled
train_images/1273.jpg,21,128,38,169,200,200,0
train_images/1274.jpg,140,62,152,134,200,200,0
train_images/1275.jpg,69,93,92,184,200,200,filled
train_images/1276.jpg,79,67,197,128,200,200,0
train_images/1277.jpg,83,81,171,91,200,200,0
train_images/1278.jpg,115,78,188,197,200,200,0
train_images/1279.jpg,24,125,79,178,200,200,0
train_images/1280.jpg,0,18,158,120,200,200,0
train_images/1281.jpg,87,136,164,198,200,200,filled
train_images/1282.jpg,84,93,96,103,200,200,0
train_images/1283.jpg,73,140,160,173,200,200,0
train_images/1284.jpg,24,17,81,166,200,200,filled
train_images/1285.jpg,98,30,192,100,200,200,filled
train_images/1286.jpg,14,128,36,150,200,200,filled
train_images/1287.jpg,114,134,188,199,200,200,0
train_images/1288.jpg,30,111,95,164,200,200,filled
train_images/1289.jpg,39,93,109,155,200,200,0
train_images/1290.jpg,16,30,182,175,200,200,0
train_images/1291.jpg,54,19,88,111,200,200,filled
train_images/1292.jpg,142,51,200,164,200,200,filled
train_images/1293.jpg,93,2,172,93,200,200,0
train_images/1294.jpg,14,109,200,126,200,200,0
train_images/1295.jpg,120,73,149,194,200,200,filled
train_images/1296.jpg,150,145,193,180,200,200,filled
train_images/1297.jpg,45,130,170,187,200,200,0
train_images/1298.jpg,108,148,141,160,200,200,0
train_images/1299.jpg,143,128,190,162,200,200,filled
train_images/1300.jpg,131,23,143,105,200,200,0
train_images/1301.jpg,59,141,85,160,200,200,0
train_images/1302.jpg,150,72,179,176,200,200,0
train_images/1303.jpg,101,79,119,99,200,200,0
train_images/1304.jpg,76,127,184,145,200,200,0
train_images/1305.jpg,0,126,65,200,200,200,filled
train_images/1306.jpg,91,11,172,169,200,200,filled
train_images/1307.jpg,44,120,116,160,200,200,filled
train_images/1308.jpg,75,12,126,56,200,200,0
train_images/1309.jpg,139,26,184,129,200,200,filled
train_images/1310.jpg,93,22,182,121,200,200,0
train_images/1311.jpg,18,98,50,180,200,200,0
train_images/1312.jpg,144,24,198,138,200,200,0
train_images/1313.jpg,40,105,113,134,200,200,filled
train_images/1314.jpg,89,38,165,88,200,200,filled
train_images/1315.jpg,29,35,183,191,200,200,0
train_images/1316.jpg,103,64,125,122,200,200,0
train_images/1317.jpg,81,50,149,97,200,200,0
train_images/1318.jpg,25,17,81,159,200,200,filled
train_images/1319.jpg,10,110,200,170,200,200,0
train_images/1320.jpg,5,111,105,152,200,200,0
train_images/1321.jpg,112,17,167,173,200,200,0
train_images/1322.jpg,95,52,108,154,200,200,0
train_images/1323.jpg,118,103,164,133,200,200,filled
train_images/1324.jpg,119,12,178,177,200,200,filled
train_images/1325.jpg,35,127,187,164,200,200,filled
train_images/1326.jpg,39,0,176,151,200,200,filled
train_images/1327.jpg,102,147,160,169,200,200,filled
train_images/1328.jpg,134,135,175,182,200,200,0
train_images/1329.jpg,76,58,187,168,200,200,filled
train_images/1330.jpg,140,30,200,200,200,200,filled
train_images/1331.jpg,48,8,166,191,200,200,filled
train_images/1332.jpg,82,112,159,148,200,200,0
train_images/1333.jpg,46,1,88,31,200,200,filled
train_images/1334.jpg,58,102,183,200,200,200,filled
train_images/1335.jpg,43,86,68,195,200,200,0
train_images/1336.jpg,107,82,143,140,200,200,filled
train_images/1337.jpg,5,150,68,162,200,200,0
train_images/1338.jpg,120,32,188,128,200,200,filled
train_images/1339.jpg,49,76,175,166,200,200,0
train_images/1340.jpg,146,53,188,106,200,200,filled
train_images/1341.jpg,37,54,50,80,200,200,0
train_images/1342.jpg,17,49,138,92,200,200,filled
train_images/1343.jpg,141,147,164,200,200,200,0
train_images/1344.jpg,125,29,142,106,200,200,0
train_images/1345.jpg,16,121,174,160,200,200,filled
train_images/1346.jpg,32,56,79,181,200,200,0
train_images/1347.jpg,104,39,128,64,200,200,0
train_images/1348.jpg,5,7,33,19,200,200,0
train_images/1349.jpg,33,114,67,151,200,200,filled
train_images/1350.jpg,97,73,129,144,200,200,filled
train_images/1351.jpg,47,27,136,79,200,200,filled
train_images/1352.jpg,71,97,174,155,200,200,filled
train_images/1353.jpg,77,73,93,102,200,200,0
train_images/1354.jpg,13,106,75,119,200,200,0
train_images/1355.jpg,42,39,189,130,200,200,filled
train_images/1356.jpg,20,72,185,200,200,200,filled
train_images/1357.jpg,18,148,82,174,200,200,filled
train_images/1358.jpg,94,113,179,164,200,200,0
train_images/1359.jpg,77,104,119,147,200,200,0
train_images/1360.jpg,115,55,185,85,200,200,filled
train_images/1361.jpg,134,60,198,197,200,200,0
train_images/1362.jpg,150,27,196,67,200,200,filled
train_images/1363.jpg,70,125,178,145,200,200,0
train_images/1364.jpg,3,102,187,192,200,200,0
train_images/1365.jpg,64,6,191,33,200,200,0
train_images/1366.jpg,149,61,170,132,200,200,filled
train_images/1367.jpg,81,73,104,155,200,200,filled
train_images/1368.jpg,131,91,186,111,200,200,0
train_images/1369.jpg,140,106,182,121,200,200,0
train_images/1370.jpg,121,137,133,188,200,200,0
train_images/1371.jpg,74,62,200,105,200,200,filled
train_images/1372.jpg,147,111,159,132,200,200,0
train_images/1373.jpg,74,40,98,101,200,200,filled
train_images/1374.jpg,36,99,154,199,200,200,0
train_images/1375.jpg,53,85,157,182,200,200,filled
train_images/1376.jpg,23,52,69,111,200,200,filled
train_images/1377.jpg,126,0,181,53,200,200,filled
train_images/1378.jpg,111,69,157,96,200,200,0
train_images/1379.jpg,10,16,67,147,200,200,0
train_images/1380.jpg,119,82,148,186,200,200,filled
train_images/1381.jpg,35,148,65,166,200,200,0
train_images/1382.jpg,9,93,95,113,200,200,0
train_images/1383.jpg,64,67,119,77,200,200,0
train_images/1384.jpg,49,71,69,200,200,200,0
train_images/1385.jpg,149,105,193,195,200,200,0
train_images/1386.jpg,43,2,147,115,200,200,0
train_images/1387.jpg,135,125,145,176,200,200,0
train_images/1388.jpg,28,19,107,151,200,200,filled
train_images/1389.jpg,35,144,45,200,200,200,0
train_images/1390.jpg,36,102,74,197,200,200,filled
train_images/1391.jpg,23,129,163,140,200,200,0
train_images/1392.jpg,123,41,157,59,200,200,0
train_images/1393.jpg,76,77,125,108,200,200,0
train_images/1394.jpg,69,107,167,178,200,200,0
train_images/1395.jpg,0,74,185,190,200,200,filled
train_images/1396.jpg,0,39,189,188,200,200,0
train_images/1397.jpg,80,132,142,156,200,200,filled
train_images/1398.jpg,17,36,30,89,200,200,0
train_images/1399.jpg,14,116,200,128,200,200,0
train_images/1400.jpg,11,75,161,162,200,200,filled
train_images/1401.jpg,94,143,131,200,200,200,filled
train_images/1402.jpg,109,83,181,200,200,200,filled
train_images/1403.jpg,0,69,170,79,200,200,0
train_images/1404.jpg,42,81,61,132,200,200,0
train_images/1405.jpg,58,146,102,200,200,200,0
train_images/1406.jpg,144,134,154,172,200,200,0
train_images/1407.jpg,97,9,151,83,200,200,0
train_images/1408.jpg,67,69,200,114,200,200,filled
train_images/1409.jpg,19,44,74,124,200,200,filled
train_images/1410.jpg,91,2,184,154,200,200,filled
train_images/1411.jpg,50,90,125,165,200,200,0
train_images/1412.jpg,105,23,161,158,200,200,filled
train_images/1413.jpg,135,46,150,184,200,200,0
train_images/1414.jpg,16,102,93,129,200,200,0
train_images/1415.jpg,38,141,150,198,200,200,0
train_images/1416.jpg,132,50,200,114,200,200,filled
train_images/1417.jpg,119,74,175,175,200,200,filled
train_images/1418.jpg,24,87,124,97,200,200,0
train_images/1419.jpg,28,105,72,151,200,200,0
train_images/1420.jpg,4,102,30,164,200,200,filled
train_images/1421.jpg,98,44,177,189,200,200,0
train_images/1422.jpg,8,18,197,180,200,200,filled
train_images/1423.jpg,10,83,200,153,200,200,filled
train_images/1424.jpg,61,25,142,78,200,200,filled
train_images/1425.jpg,148,69,164,176,200,200,0
train_images/1426.jpg,106,100,179,144,200,200,filled
train_images/1427.jpg,118,35,197,121,200,200,filled
train_images/1428.jpg,133,129,155,139,200,200,0
train_images/1429.jpg,47,20,72,50,200,200,0
train_images/1430.jpg,36,46,47,95,200,200,0
train_images/1431.jpg,43,50,63,158,200,200,0
train_images/1432.jpg,111,116,187,149,200,200,0
train_images/1433.jpg,92,6,159,44,200,200,0
train_images/1434.jpg,133,59,181,181,200,200,filled
train_images/1435.jpg,26,97,90,172,200,200,filled
train_images/1436.jpg,47,62,98,192,200,200,0
train_images/1437.jpg,61,48,154,197,200,200,filled
train_images/1438.jpg,95,50,192,179,200,200,0
train_images/1439.jpg,59,41,137,156,200,200,filled
train_images/1440.jpg,56,40,158,186,200,200,filled
train_images/1441.jpg,61,129,105,163,200,200,filled
train_images/1442.jpg,68,104,178,126,200,200,0
train_images/1443.jpg,127,82,179,180,200,200,filled
train_images/1444.jpg,96,5,138,155,200,200,filled
train_images/1445.jpg,69,4,114,145,200,200,filled
train_images/1446.jpg,111,55,151,181,200,200,filled
train_images/1447.jpg,3,15,85,85,200,200,0
train_images/1448.jpg,149,136,162,150,200,200,0
train_images/1449.jpg,17,121,96,170,200,200,filled
train_images/1450.jpg,29,59,80,136,200,200,filled
train_images/1451.jpg,53,132,122,188,200,200,filled
train_images/1452.jpg,41,45,159,146,200,200,0
train_images/1453.jpg,33,121,200,191,200,200,filled
train_images/1454.jpg,46,36,76,123,200,200,filled
train_images/1455.jpg,74,71,143,94,200,200,filled
train_images/1456.jpg,18,46,198,159,200,200,filled
train_images/1457.jpg,107,108,135,171,200,200,filled
train_images/1458.jpg,11,124,170,191,200,200,filled
train_images/1459.jpg,104,43,180,108,200,200,filled
train_images/1460.jpg,29,54,116,96,200,200,filled
train_images/1461.jpg,94,84,124,162,200,200,filled
train_images/1462.jpg,95,120,174,132,200,200,0
train_images/1463.jpg,47,89,164,112,200,200,filled
train_images/1464.jpg,60,6,98,118,200,200,0
train_images/1465.jpg,41,132,200,189,200,200,filled
train_images/1466.jpg,81,0,163,39,200,200,filled
train_images/1467.jpg,107,132,193,199,200,200,filled
train_images/1468.jpg,9,97,32,160,200,200,filled
train_images/1469.jpg,2,89,89,185,200,200,filled
train_images/1470.jpg,28,117,57,182,200,200,0
train_images/1471.jpg,103,0,189,173,200,200,filled
train_images/1472.jpg,99,150,117,200,200,200,0
train_images/1473.jpg,18,136,62,200,200,200,filled
train_images/1474.jpg,112,25,140,160,200,200,0
train_images/1475.jpg,38,43,200,68,200,200,filled
train_images/1476.jpg,68,72,102,193,200,200,0
train_images/1477.jpg,77,115,193,156,200,200,0
train_images/1478.jpg,111,128,141,141,200,200,0
train_images/1479.jpg,88,44,127,146,200,200,filled
train_images/1480.jpg,60,67,148,90,200,200,filled
train_images/1481.jpg,14,110,134,174,200,200,0
train_images/1482.jpg,19,107,56,162,200,200,filled
train_images/1483.jpg,72,42,105,70,200,200,filled
train_images/1484.jpg,136,27,178,136,200,200,filled
train_images/1485.jpg,53,47,176,58,200,200,0
train_images/1486.jpg,76,0,186,108,200,200,0
train_images/1487.jpg,29,129,177,175,200,200,0
train_images/1488.jpg,115,27,138,55,200,200,0
train_images/1489.jpg,116,30,178,47,200,200,0
train_images/1490.jpg,21,10,116,80,200,200,0
train_images/1491.jpg,40,10,77,82,200,200,filled
train_images/1492.jpg,146,8,181,44,200,200,0
train_images/1493.jpg,41,148,93,193,200,200,0
train_images/1494.jpg,65,50,182,134,200,200,filled
train_images/1495.jpg,92,86,111,200,200,200,0
train_images/1496.jpg,26,50,128,98,200,200,filled
train_images/1497.jpg,95,31,168,172,200,200,filled
train_images/1498.jpg,100,13,200,23,200,200,0
train_images/1499.jpg,0,146,164,196,200,200,filled
train_images/1500.jpg,2,150,184,200,200,200,0
train_images/1501.jpg,113,109,129,132,200,200,0
train_images/1502.jpg,26,75,62,180,200,200,filled
train_images/1503.jpg,57,28,184,185,200,200,filled
train_images/1504.jpg,79,48,188,101,200,200,filled
train_images/1505.jpg,90,126,185,152,200,200,0
train_images/1506.jpg,50,21,197,39,200,200,0
train_images/1507.jpg,143,32,188,129,200,200,filled
train_images/1508.jpg,58,89,125,135,200,200,filled
train_images/1509.jpg,145,74,170,161,200,200,0
train_images/1510.jpg,142,109,179,141,200,200,filled
train_images/1511.jpg,124,30,153,157,200,200,0
train_images/1512.jpg,56,118,107,170,200,200,0
train_images/1513.jpg,15,77,93,139,200,200,filled
train_images/1514.jpg,0,139,177,200,200,200,0
train_images/1515.jpg,23,1,126,69,200,200,filled
train_images/1516.jpg,59,71,136,120,200,200,filled
train_images/1517.jpg,11,50,53,177,200,200,filled
train_images/1518.jpg,40,11,123,146,200,200,0
train_images/1519.jpg,47,144,168,155,200,200,0
train_images/1520.jpg,115,73,196,92,200,200,0
train_images/1521.jpg,55,126,198,155,200,200,filled
train_images/1522.jpg,122,84,140,124,200,200,0
train_images/1523.jpg,38,76,109,200,200,200,0
train_images/1524.jpg,43,79,116,98,200,200,0
train_images/1525.jpg,77,68,177,182,200,200,filled
train_images/1526.jpg,17,35,110,91,200,200,filled
train_images/1527.jpg,22,149,195,161,200,200,0
train_images/1528.jpg,13,141,26,200,200,200,0
train_images/1529.jpg,49,104,142,155,200,200,0
train_images/1530.jpg,62,140,95,180,200,200,filled
train_images/1531.jpg,75,78,138,150,200,200,filled
train_images/1532.jpg,38,147,176,173,200,200,0
train_images/1533.jpg,33,51,170,155,200,200,0
train_images/1534.jpg,119,137,172,178,200,200,filled
train_images/1535.jpg,54,65,77,96,200,200,0
train_images/1536.jpg,28,62,64,96,200,200,filled
train_images/1537.jpg,119,24,171,166,200,200,0
train_images/1538.jpg,46,117,63,172,200,200,0
train_images/1539.jpg,88,88,136,183,200,200,filled
train_images/1540.jpg,145,93,170,191,200,200,filled
train_images/1541.jpg,36,106,139,174,200,200,filled
train_images/1542.jpg,116,119,142,200,200,200,filled
train_images/1543.jpg,61,6,110,57,200,200,filled
train_images/1544.jpg,134,70,163,146,200,200,0
train_images/1545.jpg,65,91,96,200,200,200,filled
train_images/1546.jpg,150,65,178,80,200,200,0
train_images/1547.jpg,3,2,82,72,200,200,filled
train_images/1548.jpg,148,64,177,154,200,200,filled
train_images/1549.jpg,48,44,90,67,200,200,filled
train_images/1550.jpg,103,43,136,161,200,200,filled
train_images/1551.jpg,97,80,114,184,200,200,0
train_images/1552.jpg,135,4,163,33,200,200,filled
train_images/1553.jpg,129,95,182,168,200,200,0
train_images/1554.jpg,133,42,158,114,200,200,filled
train_images/1555.jpg,63,18,200,191,200,200,filled
train_images/1556.jpg,108,37,185,109,200,200,0
train_images/1557.jpg,19,114,147,158,200,200,filled
train_images/1558.jpg,57,85,160,130,200,200,0
train_images/1559.jpg,29,147,62,165,200,200,0
train_images/1560.jpg,16,41,198,127,200,200,filled
train_images/1561.jpg,22,26,126,73,200,200,0
train_images/1562.jpg,85,110,180,137,200,200,0
train_images/1563.jpg,19,103,166,129,200,200,filled
train_images/1564.jpg,44,57,114,182,200,200,0
train_images/1565.jpg,0,114,175,131,200,200,0
train_images/1566.jpg,82,49,175,97,200,200,filled
train_images/1567.jpg,139,118,156,182,200,200,0
train_images/1568.jpg,109,91,152,194,200,200,filled
train_images/1569.jpg,107,100,149,175,200,200,0
train_images/1570.jpg,10,21,103,124,200,200,filled
train_images/1571.jpg,72,58,177,156,200,200,filled
train_images/1572.jpg,121,56,187,100,200,200,0
train_images/1573.jpg,30,82,109,156,200,200,0
train_images/1574.jpg,97,12,200,143,200,200,filled
train_images/1575.jpg,0,77,21,148,200,200,0
train_images/1576.jpg,2,0,54,186,200,200,filled
train_images/1577.jpg,73,42,91,96,200,200,0
train_images/1578.jpg,112,20,161,194,200,200,filled
train_images/1579.jpg,110,0,181,142,200,200,filled
train_images/1580.jpg,147,108,184,200,200,200,filled
train_images/1581.jpg,40,88,79,176,200,200,filled
train_images/1582.jpg,58,34,188,130,200,200,0
train_images/1583.jpg,2,90,84,140,200,200,filled
train_images/1584.jpg,78,85,178,183,200,200,filled
train_images/1585.jpg,136,94,149,196,200,200,0
train_images/1586.jpg,18,80,78,154,200,200,filled
train_images/1587.jpg,75,58,140,160,200,200,0
train_images/1588.jpg,61,83,104,200,200,200,filled
train_images/1589.jpg,113,0,137,79,200,200,0
train_images/1590.jpg,39,104,170,130,200,200,filled
train_images/1591.jpg,70,131,154,169,200,200,filled
train_images/1592.jpg,51,128,167,166,200,200,filled
train_images/1593.jpg,6,126,32,200,200,200,0
train_images/1594.jpg,55,19,193,193,200,200,filled
train_images/1595.jpg,113,83,188,180,200,200,filled
train_images/1596.jpg,49,27,143,193,200,200,0
train_images/1597.jpg,106,66,137,143,200,200,0
train_images/1598.jpg,71,110,84,192,200,200,0
train_images/1599.jpg,101,82,153,105,200,200,filled
